{
    "mae": 0.18608305816139495,
    "rmse": 0.22627673953116595,
    "rel": Infinity,
    "delta_1.25": 0.2743834142501538,
    "delta_1.5625": 0.5236907034784883,
    "delta_1.953125": 0.6925796864779441
}